,id,musicMeta.musicId,musicMeta.musicName,musicMeta.musicAuthor,musicMeta.playUrl,webVideoUrl,diggCount,shareCount,playCount,commentCount
0,7003505218184908038,6776184074001188865,Inspiration,Danilo Stankovic,https://sf16-ies-music-va.tiktokcdn.com/obj/tos-useast2a-ve-2774/b96e7dd3251a4ec7ab948a3dc66c8a78,https://www.tiktok.com/@adoptingdogs/video/7003505218184908038,18500000,247400,97600000,106300
1,6995745836164451589,6933570822430837510,Hoist the Colours,Colm R. McGuinness,https://sf16-ies-music-va.tiktokcdn.com/obj/tos-useast2a-ve-2774/cdc19d90ac5740378bc517b4fab03dd3,https://www.tiktok.com/@laikacl/video/6995745836164451589,15500000,186400,218300000,113400
2,6997778083252161798,6709414350852999170,Catgroove,Parov Stelar,https://sf16-ies-music-va.tiktokcdn.com/obj/tos-useast2a-ve-2774/35d8db32768c4382ab8eaf362122d6af,https://www.tiktok.com/@boxlapse/video/6997778083252161798,15300000,132000,139700000,57300
3,7002130559174577413,6737391582615439361,Night Trouble,Petit Biscuit,https://sf16-ies-music-va.tiktokcdn.com/obj/tos-useast2a-ve-2774/849271dca6504b30822d6ca5ef6369e4,https://www.tiktok.com/@simpingforpudgy/video/7002130559174577413,13200000,53500,74300000,70200
4,7003351927467543810,7000626184039958529,Butter (feat. Megan Thee Stallion),BTS,https://sf16-ies-music-va.tiktokcdn.com/obj/tos-useast2a-ve-2774/758c1c7a7f794084b1ae4827b446f5b5,https://www.tiktok.com/@bts_official_bighit/video/7003351927467543810,11700000,483400,58400000,361900
5,7022301777483681026,7004351869892004634,SUA AMIGA DEU SLOWED,Geonwin Slowed,https://sf16-ies-music.tiktokcdn.com/obj/ies-music-aiso/7004351833506450202.mp3,https://www.tiktok.com/@kikakiim/video/7022301777483681026,10700000,48200,111200000,149300
6,7013728040521862405,6866324362849536770,The Strumbellas - Spirits,Alikhan,https://sf16-ies-music-sg.tiktokcdn.com/obj/tiktok-obj/6866324303118420737.mp3,https://www.tiktok.com/@sib_bears/video/7013728040521862405,10300000,96100,63400000,45100
7,7012938348994055429,6982699806061873922,#FoodDance,Neffati Jayden,https://sf16-ies-music-sg.tiktokcdn.com/obj/tiktok-obj/6990944079257406210.mp3,https://www.tiktok.com/@johnmcginnis36/video/7012938348994055429,10000000,261800,96100000,153000
8,7018798133291388165,7018195765038598918,somebodys watching me x another love DJ Lilli,DJ Lilli,https://sf16-ies-music-va.tiktokcdn.com/obj/musically-maliva-obj/7018195854490422021.mp3,https://www.tiktok.com/@robertosny/video/7018798133291388165,9800000,62500,72300000,55900
9,7006696049888840962,7006696009120107265,Ïò§Î¶¨ÏßÄÎÑê ÏÇ¨Ïö¥Îìú - ÏõêÏ†ïÎß® WonJeong,ÏõêÏ†ïÎß® WonJeong,https://sf16-ies-music-sg.tiktokcdn.com/obj/tiktok-obj/7006696005840325377.mp3,https://www.tiktok.com/@ox_zung/video/7006696049888840962,9800000,59300,72500000,76300
10,6992985266445094150,6960018326790391809,FVN!,LVL1,https://sf16-ies-music-va.tiktokcdn.com/obj/tos-useast2a-ve-2774/147635f258554cc5bb9e69e8a8ee7865,https://www.tiktok.com/@extrahackofficial/video/6992985266445094150,9300000,152500,113100000,31300
11,7005493978753780998,6917324503026501634,On The Floor,Jennifer Lopez,https://sf16-ies-music-va.tiktokcdn.com/obj/tos-useast2a-ve-2774/91364b8bb22f4bc69e0a4ec0f4d19df3,https://www.tiktok.com/@fabiola.baglieri/video/7005493978753780998,8500000,61900,56100000,66000
12,6999919482068077826,6982484245067368449,Permission to Dance,BTS,https://sf16-ies-music-va.tiktokcdn.com/obj/tos-useast2a-ve-2774/535440347f7f4a9ca1d616d5fe99343b,https://www.tiktok.com/@bts_official_bighit/video/6999919482068077826,8200000,176900,32800000,305700
13,7018601898169109762,7018601973402979073,–æ—Ä–∏–≥–∏–Ω–∞–ª—å–Ω—ã–π –∑–≤—É–∫,Asur,https://sf16-ies-music-sg.tiktokcdn.com/obj/tiktok-obj/7018601955874458369.mp3,https://www.tiktok.com/@asur32/video/7018601898169109762,7800000,116100,47300000,111700
14,7019431712610389250,7006611502992050971,Are you ok?,Èæô|‚Ä¢A—ï—Ç—èœÉ‰πô üá∞üá≠,https://sf16-ies-music.tiktokcdn.com/obj/ies-music-aiso/7006611455105600283.mp3,https://www.tiktok.com/@xoteam/video/7019431712610389250,7800000,25800,99500000,24500
15,7016849882451430661,7016849703857818373,i wanna live,üßö‚Äç‚ôÄÔ∏è,https://sf16-ies-music-va.tiktokcdn.com/obj/musically-maliva-obj/7016849796098951942.mp3,https://www.tiktok.com/@frases_pa_compartir/video/7016849882451430661,7700000,100800,38600000,114800
16,7006322176592858370,7006322144737020673,–æ—Ä–∏–≥–∏–Ω–∞–ª—å–Ω—ã–π –∑–≤—É–∫,Granatka | TikTok Gaming,https://sf16-ies-music-sg.tiktokcdn.com/obj/tiktok-obj/7006322150508415746.mp3,https://www.tiktok.com/@granatka94/video/7006322176592858370,7700000,24000,107100000,10600
17,6998773625557880066,6982484245067368449,Permission to Dance,BTS,https://sf16-ies-music-va.tiktokcdn.com/obj/tos-useast2a-ve-2774/535440347f7f4a9ca1d616d5fe99343b,https://www.tiktok.com/@bts_official_bighit/video/6998773625557880066,7500000,186300,31700000,282600
18,7012836917494484229,6900948944390523649,Follow itsrova,Thanks for 70K!!!!,https://sf16-ies-music-sg.tiktokcdn.com/obj/tiktok-obj/6990320397128321793.mp3,https://www.tiktok.com/@like.a.boss.respect/video/7012836917494484229,7200000,20000,88900000,14400
19,7017970217812856069,7016825081682724865,√çndigo,Camilo & Evaluna Montaner,https://sf16-ies-music-va.tiktokcdn.com/obj/tos-useast2a-ve-2774/2316061eb77e4cfdb124dfd8f1355675,https://www.tiktok.com/@camilo/video/7017970217812856069,7100000,55000,72000000,35100
20,7006672901537631490,6719933750727150342,Senza filtro (prod. Macs),Loomy,https://sf16-ies-music-va.tiktokcdn.com/obj/tos-useast2a-ve-2774/6d9def651a0840d0be08189eabf53299,https://www.tiktok.com/@kikakiim/video/7006672901537631490,6900000,10500,54900000,20300
21,6994317994310651142,6989622902698085125,need to know x goosebumps longer version DJ Lilli,DJ Lilli,https://sf16-ies-music-va.tiktokcdn.com/obj/musically-maliva-obj/6989622998332476165.mp3,https://www.tiktok.com/@beautifulmakeup.1/video/6994317994310651142,6600000,30300,71200000,31200
22,7013827344926379265,170975685178507264,Waka Waka (This Time for Africa),Shakira,https://sf16-ies-music-va.tiktokcdn.com/obj/tos-useast2a-ve-2774/d01f6b05967e42a580717383bbed77d6,https://www.tiktok.com/@sportivi/video/7013827344926379265,6300000,61200,41500000,38700
23,7007564729979800833,7007073788295415809,My Universe,Coldplay x BTS,https://sf16-ies-music-va.tiktokcdn.com/obj/tos-useast2a-ve-2774/869ad2f1639242309bfaa9e00f7b79ea,https://www.tiktok.com/@bts_official_bighit/video/7007564729979800833,6100000,289300,25200000,214100
24,7016363797229096194,7016363744590678786,–æ—Ä–∏–≥–∏–Ω–∞–ª—å–Ω—ã–π –∑–≤—É–∫,TIMONTYE‚úÖ,https://sf16-ies-music-sg.tiktokcdn.com/obj/tiktok-obj/7016363754522692353.mp3,https://www.tiktok.com/@timontye/video/7016363797229096194,6100000,16000,29600000,12600
25,7023360084172410113,7016132138005220097,original sound - Ïò®Ïò§Îπ† On Oppa,Ïò®Ïò§Îπ† On Oppa,https://sf16-ies-music-sg.tiktokcdn.com/obj/tiktok-obj/7016132052512705281.mp3,https://www.tiktok.com/@xoteam/video/7023360084172410113,6000000,26900,80500000,26800
26,7012995380799409414,6850502927358887937,Ê∞¥„Å´ÊµÅ„Åó„Å¶,√âdith Piaf,https://sf16-ies-music-va.tiktokcdn.com/obj/tos-useast2a-ve-2774/e99b4b860e7d481385fe7f1a4b5054e5,https://www.tiktok.com/@salt_hank/video/7012995380799409414,5600000,89100,57900000,29300
27,7017821574803754242,7017821519015332610,Ïò§Î¶¨ÏßÄÎÑê ÏÇ¨Ïö¥Îìú - ÏõêÏ†ïÎß® WonJeong,ÏõêÏ†ïÎß® WonJeong,https://sf16-ies-music-sg.tiktokcdn.com/obj/tiktok-obj/7017821527773350658.mp3,https://www.tiktok.com/@ox_zung/video/7017821574803754242,5400000,24600,58500000,34100
28,7006793707450158342,6630519207404505093,Nothing Breaks Like a Heart,Mark Ronson,https://sf16-ies-music-va.tiktokcdn.com/obj/tos-useast2a-ve-2774/dc41aed7123547488b57b0d7a12288f3,https://www.tiktok.com/@henryjimenezkerbox/video/7006793707450158342,5300000,20200,45400000,23100
29,7015266940507704582,7006611502992050971,Are you ok?,Èæô|‚Ä¢A—ï—Ç—èœÉ‰πô üá∞üá≠,https://sf16-ies-music.tiktokcdn.com/obj/ies-music-aiso/7006611455105600283.mp3,https://www.tiktok.com/@mks.vision/video/7015266940507704582,5200000,28900,72700000,22600
30,7004563244719344902,6732536571318257666,Funny Song,Cavendish Music,https://sf16-ies-music-va.tiktokcdn.com/obj/tos-useast2a-ve-2774/b78a3538b01b4ddda8db32fa9a16b9b9,https://www.tiktok.com/@twowillowsmarketllc/video/7004563244719344902,5100000,226900,44600000,71900
31,7018693500556414213,6925104065584073474,Basbousa song,ÿßŸÑŸÖÿßŸäÿ≥ÿ™ÿ±Ÿà ŸÖÿ≠ŸÖÿØ ÿßŸÑÿ¥ŸäÿÆ,https://sf16-ies-music-sg.tiktokcdn.com/obj/tiktok-obj/6925103980582324994.mp3,https://www.tiktok.com/@_ehiz/video/7018693500556414213,5100000,182700,45600000,95600
32,7015491707299007749,6655492047723563778,Perfect,Ed Sheeran,https://sf16-ies-music-va.tiktokcdn.com/obj/tos-useast2a-ve-2774/c71165dc54a8495ebb8799dc4384e5ae,https://www.tiktok.com/@genti599/video/7015491707299007749,5100000,49200,56600000,20700
33,7012354940987264262,7001860364333878043,nh·∫°c n·ªÅn - üëíSURRY üíõB·∫¢O ANüëí,üéÄ ùë©ùë®Ãâùë∂ ùë®ùëµ üéÄ,https://sf16-ies-music.tiktokcdn.com/obj/ies-music-aiso/7001860344817732378.mp3,https://www.tiktok.com/@rubentuestaok/video/7012354940987264262,5000000,289600,104700000,42000
34,7018372866999618821,7014553444841294598,MARINA morvnmusic,MORVN,https://sf16-ies-music-va.tiktokcdn.com/obj/musically-maliva-obj/7014553520154151686.mp3,https://www.tiktok.com/@arianny.tenorio/video/7018372866999618821,4800000,86600,57000000,18100
35,7019732797921185030,7003240091523074821,Linda,Tokischa & ROSAL√çA,https://sf16-ies-music-va.tiktokcdn.com/obj/tos-useast2a-ve-2774/024b69093a29405cac33562f3e408486,https://www.tiktok.com/@rosalia/video/7019732797921185030,4800000,5369,54100000,8972
36,7023422216033406210,6982699806061873922,#FoodDance,Neffati Jayden,https://sf16-ies-music-sg.tiktokcdn.com/obj/tiktok-obj/6990944079257406210.mp3,https://www.tiktok.com/@nickaufmann/video/7023422216033406210,4700000,4780,36400000,20500
37,6994553553557785861,6757453473618331650,Fake Capo,Karetta el Gucci,https://sf16-ies-music-va.tiktokcdn.com/obj/tos-useast2a-ve-2774/e66f39b1153747b7be932aa48c21c677,https://www.tiktok.com/@lucialulladonadio/video/6994553553557785861,4100000,59700,32000000,38400
38,7006694664724122881,6952235736812750850,C·ª© Chill Th√¥i (DJ TuSo & LEA Remix),Chillies & Suni H·∫° Linh & Rhymastic,https://sf16-ies-music-va.tiktokcdn.com/obj/tos-useast2a-ve-2774/dec7f7cce681453daf20aed3e778ca86,https://www.tiktok.com/@kikakiim/video/7006694664724122881,4000000,8606,30100000,19500
39,7022248055625846018,7022248003805137665,„Ç™„É™„Ç∏„Éä„É´Ê•ΩÊõ≤ - ISSEI/Â∞ÜÊù•ÊúâÂêç„Å´„Å™„ÇãÁî∑,ISSEI/Â∞ÜÊù•ÊúâÂêç„Å´„Å™„ÇãÁî∑,https://sf16-ies-music-sg.tiktokcdn.com/obj/tiktok-obj/7022247991247457026.mp3,https://www.tiktok.com/@issei0806/video/7022248055625846018,4000000,20500,52000000,7064
40,7004113176463822086,6719933750727150342,Senza filtro (prod. Macs),Loomy,https://sf16-ies-music-va.tiktokcdn.com/obj/tos-useast2a-ve-2774/6d9def651a0840d0be08189eabf53299,https://www.tiktok.com/@kylethomas/video/7004113176463822086,3900000,9573,42700000,14900
41,7010588113550527750,6612273081807440645,Original Sound,Unknown,https://sf16-ies-music-va.tiktokcdn.com/obj/musically-maliva-obj/1614324694131717,https://www.tiktok.com/@bernardofeta/video/7010588113550527750,3800000,523700,78900000,43100
42,7019596189859368198,6586947002464996102,Oh No,Kreepa,https://sf16-ies-music-va.tiktokcdn.com/obj/tos-useast2a-ve-2774/9d4ba025fbb541578bca83b158770608,https://www.tiktok.com/@lazydogyy/video/7019596189859368198,3600000,289300,28200000,25400
43,7011675395690892549,7002902049679592219,Life Goes On,Oliver Tree,https://sf16-ies-music-va.tiktokcdn.com/obj/tos-useast2a-ve-2774/4c4d7f7be76a46db8ab73b83fc564bc9,https://www.tiktok.com/@animals.side/video/7011675395690892549,3600000,113200,33900000,28600
44,6991878974716628230,6985364249161812762,Simple Dimple x Look at me now,Kuya Magik,https://sf16-ies-music.tiktokcdn.com/obj/ies-music-aiso/6985364205230639899.mp3,https://www.tiktok.com/@mks.vision/video/6991878974716628230,3600000,29500,41600000,32000
45,6998917930721266946,6998917870386170625,Ïò§Î¶¨ÏßÄÎÑê ÏÇ¨Ïö¥Îìú - ÏõêÏ†ïÎß® WonJeong,ÏõêÏ†ïÎß® WonJeong,https://sf16-ies-music-sg.tiktokcdn.com/obj/tiktok-obj/6998917851881048833.mp3,https://www.tiktok.com/@ox_zung/video/6998917930721266946,3600000,19300,65000000,34200
46,7017494748231404806,7007480461333187333,somebodys watching me,üçí,https://sf16-ies-music-va.tiktokcdn.com/obj/musically-maliva-obj/7007480582733138694.mp3,https://www.tiktok.com/@charlidamelio/video/7017494748231404806,3500000,8446,25200000,51400
47,7013069423275773185,6977562309870749697,In Da Getto,J. Balvin & Skrillex,https://sf16-ies-music-va.tiktokcdn.com/obj/tos-useast2a-ve-2774/53d12ea5cbb640e49152d5c317e517be,https://www.tiktok.com/@valeriyabearwolf/video/7013069423275773185,3200000,32200,50800000,11500
48,7014006324551748869,7003748238368967426,Bolehhh,BEKZAT BIGELDI,https://sf16-ies-music-sg.tiktokcdn.com/obj/tiktok-obj/7003748185080974081.mp3,https://www.tiktok.com/@__.khaby.lame.__/video/7014006324551748869,3200000,33900,47500000,21100
49,7021580606207282437,6732536571318257666,Funny Song,Cavendish Music,https://sf16-ies-music-va.tiktokcdn.com/obj/tos-useast2a-ve-2774/b78a3538b01b4ddda8db32fa9a16b9b9,https://www.tiktok.com/@lindsaycurtis1/video/7021580606207282437,3100000,148800,12900000,23800
50,7005533154538786053,7002680437399128837,Twinkle Song,Miley Cyrus,https://sf16-ies-music-va.tiktokcdn.com/obj/tos-useast2a-ve-2774/ced0f1075c954f39a484a7c0942b7f38,https://www.tiktok.com/@huffietheshorthair/video/7005533154538786053,3100000,42700,21600000,24200
51,7010425471464787205,6817143279088306177,[Animals and dishes] Cute BGM,Sound Owl,https://sf16-ies-music-va.tiktokcdn.com/obj/tos-useast2a-ve-2774/dc290a665d074f47bdd99d65844e3b54,https://www.tiktok.com/@djw20201/video/7010425471464787205,2800000,79600,18500000,19900
52,7008170977586580737,7008170909777398530,Ïò§Î¶¨ÏßÄÎÑê ÏÇ¨Ïö¥Îìú - ÏõêÏ†ïÎß® WonJeong,ÏõêÏ†ïÎß® WonJeong,https://sf16-ies-music-sg.tiktokcdn.com/obj/tiktok-obj/7008170902043429634.mp3,https://www.tiktok.com/@ox_zung/video/7008170977586580737,2700000,8960,30600000,6553
53,7019436014263405826,7019435904343362305,–æ—Ä–∏–≥–∏–Ω–∞–ª—å–Ω—ã–π –∑–≤—É–∫,TIMONTYE‚úÖ,https://sf16-ies-music-sg.tiktokcdn.com/obj/tiktok-obj/7019435824311700226.mp3,https://www.tiktok.com/@timontye/video/7019436014263405826,2700000,9245,15000000,7502
54,7023926664811777285,7015616288739330822,Love Nwantiti (Dance Lessons),Lord Hec,https://sf16-ies-music-va.tiktokcdn.com/obj/musically-maliva-obj/7015616346343918342.mp3,https://www.tiktok.com/@kimberly.loaiza/video/7023926664811777285,2200000,4614,12000000,20600
55,7013675360764120321,7003020102824512262,Love Nwantiti(Dance Ver),FYPüñ§üá≤üá∫,https://sf16-ies-music-va.tiktokcdn.com/obj/musically-maliva-obj/7003020204150213382.mp3,https://www.tiktok.com/@vikabren.art/video/7013675360764120321,2100000,17700,25700000,8616
56,7013816480248679686,6655492047723563778,Perfect,Ed Sheeran,https://sf16-ies-music-va.tiktokcdn.com/obj/tos-useast2a-ve-2774/c71165dc54a8495ebb8799dc4384e5ae,https://www.tiktok.com/@genti599/video/7013816480248679686,2100000,7675,22100000,7290
57,7020268271668645125,7003748238368967426,Bolehhh,BEKZAT BIGELDI,https://sf16-ies-music-sg.tiktokcdn.com/obj/tiktok-obj/7003748185080974081.mp3,https://www.tiktok.com/@__.khaby.lame.__/video/7020268271668645125,2100000,3936,27700000,8392
58,7021888612346137861,6991965467522927366,NO ME IMPOLTA,IMA,https://sf16-ies-music-va.tiktokcdn.com/obj/musically-maliva-obj/6991965533356772102.mp3,https://www.tiktok.com/@reyalazan/video/7021888612346137861,2100000,56200,10900000,17200
59,7023351281423092993,6982699806061873922,#FoodDance,Neffati Jayden,https://sf16-ies-music-sg.tiktokcdn.com/obj/tiktok-obj/6990944079257406210.mp3,https://www.tiktok.com/@valeriyabearwolf/video/7023351281423092993,1800000,9367,21800000,9167
60,7011213397031128326,6883461607075138306,Moska mika miki mouse,jandro,https://sf16-ies-music-sg.tiktokcdn.com/obj/tiktok-obj/6883461569968081665.mp3,https://www.tiktok.com/@kylethomas/video/7011213397031128326,1800000,1096,12800000,6533
61,7019411707957234949,6717499894333966337,Adams Family Theme Song,Halloween DJ's,https://sf16-ies-music-va.tiktokcdn.com/obj/tos-useast2a-ve-2774/22003ef6818846c6b9919683cf2829b8,https://www.tiktok.com/@foodie.beats/video/7019411707957234949,1800000,223400,30400000,5603
62,7005318752657067270,6961255134445701122,Todo De Ti,Rauw Alejandro,https://sf16-ies-music-va.tiktokcdn.com/obj/tos-useast2a-ve-2774/3556067a1d2a4e4098a6f57f71495bcd,https://www.tiktok.com/@ibaillanos/video/7005318752657067270,1700000,29700,10400000,18200
63,7023761399465692418,6937629591204809474,Wavin Flag,L√çCIA,https://sf16-ies-music-sg.tiktokcdn.com/obj/tiktok-obj/6937629532866349826.mp3,https://www.tiktok.com/@sportivi/video/7023761399465692418,1700000,6345,34900000,3650
64,7020145222881479942,6739983002241075202,Gentleman,Dance Hits 2015,https://sf16-ies-music-va.tiktokcdn.com/obj/tos-useast2a-ve-2774/c6174d3d76394e9fa2bbd3518001294c,https://www.tiktok.com/@thegilberttwins/video/7020145222881479942,1600000,59200,15600000,31600
65,7016281127962807558,7003020102824512262,Love Nwantiti(Dance Ver),FYPüñ§üá≤üá∫,https://sf16-ies-music-va.tiktokcdn.com/obj/musically-maliva-obj/7003020204150213382.mp3,https://www.tiktok.com/@safariaitana/video/7016281127962807558,1500000,16700,8700000,7655
66,7020548047528660230,6655492047723563778,Perfect,Ed Sheeran,https://sf16-ies-music-va.tiktokcdn.com/obj/tos-useast2a-ve-2774/c71165dc54a8495ebb8799dc4384e5ae,https://www.tiktok.com/@genti599/video/7020548047528660230,1500000,10700,17900000,5667
67,7010075153656843526,7010074996768803590,ÿßŸÑÿµŸàÿ™ ÿßŸÑÿ£ÿµŸÑŸä,Bakri ..,https://sf16-ies-music-va.tiktokcdn.com/obj/musically-maliva-obj/7010075107683060486.mp3,https://www.tiktok.com/@giorgosbakar/video/7010075153656843526,1300000,48600,16200000,10400
68,7020859156072598789,6746993352891189249,Monkeys Spinning Monkeys,Kevin MacLeod,https://sf16-ies-music-va.tiktokcdn.com/obj/tos-useast2a-ve-2774/2777963d433b4f7e81d002eb04bbbe40,https://www.tiktok.com/@judiitharias/video/7020859156072598789,1200000,2014,13100000,2221
69,7021247006001646853,7003765059940092678,P3RR4 by iamjons,Jonas,https://sf16-ies-music-va.tiktokcdn.com/obj/musically-maliva-obj/7003765160486193926.mp3,https://www.tiktok.com/@sensillocons/video/7021247006001646853,1100000,49700,10800000,5749
70,7014199627369024773,7007013244946713345,Dont Go Yet Camila Cabello,Billy Calasang,https://sf16-ies-music-sg.tiktokcdn.com/obj/tiktok-obj/7007013264806677249.mp3,https://www.tiktok.com/@sofiahapy/video/7014199627369024773,1100000,4628,6700000,2634
71,7012755075240168710,6987272296302675969,Ahi Va Luisaito,luisao,https://sf16-ies-music-va.tiktokcdn.com/obj/tos-useast2a-ve-2774/d8f42e5ece04490f88e4605b0935ec56,https://www.tiktok.com/@cocinacomouncrack/video/7012755075240168710,1100000,49400,13500000,3545
72,7015999595805150470,6982566830762183430,Anime Boys Saying BAKA,AXII,https://sf16-ies-music-va.tiktokcdn.com/obj/musically-maliva-obj/6982567009745783558.mp3,https://www.tiktok.com/@mks.vision/video/7015999595805150470,990200,5046,14500000,4460
73,7022682438765759749,6865122194381342721,All I Want,Olivia Rodrigo,https://sf16-ies-music-va.tiktokcdn.com/obj/tos-useast2a-ve-2774/7f7cd8316eb44979b3388c42e357c4c0,https://www.tiktok.com/@koonlouder/video/7022682438765759749,971300,11000,7500000,4664
74,7019433370555813125,248309440146489344,Yo Quiero Bailar,Ivy Queen,https://sf16-ies-music-va.tiktokcdn.com/obj/tos-useast2a-ve-2774/f8e8576571c6403c97ab8c9aa3981ae2,https://www.tiktok.com/@._.infinitespace/video/7019433370555813125,906700,60100,4200000,54900
75,7016743231278943494,6982566830762183430,Anime Boys Saying BAKA,AXII,https://sf16-ies-music-va.tiktokcdn.com/obj/musically-maliva-obj/6982567009745783558.mp3,https://www.tiktok.com/@mks.vision/video/7016743231278943494,853200,4129,12400000,3482
76,7016011325176352006,316443091660652544,Benny Hill - G√©n√©rique de la s√©rie TV / Main theme,The Edwin Davids Jazz Band,https://sf16-ies-music-va.tiktokcdn.com/obj/tos-useast2a-ve-2774/90b4374ee9b14e1cae0c656493314309,https://www.tiktok.com/@amazing.doggos/video/7016011325176352006,845500,82400,10300000,7084
77,7011579935747853573,7006151718878578689,Berl√≠n,Aitana,https://sf16-ies-music-va.tiktokcdn.com/obj/tos-useast2a-ve-2774/3d09cee5db67494794b1976b1909bafd,https://www.tiktok.com/@holaitana/video/7011579935747853573,833500,8792,8800000,9239
78,7017519937505807622,6981869640796342274,STAY,The Kid LAROI & Justin Bieber,https://sf16-ies-music-va.tiktokcdn.com/obj/tos-useast2a-ve-2774/888b40ee58934cae8d8ed1a96db93c57,https://www.tiktok.com/@marionaserraaa/video/7017519937505807622,808600,57500,11400000,4143
79,6996854128433515782,6760955508250658817,River Flows in You,Thomas Swanson,https://sf16-ies-music-va.tiktokcdn.com/obj/tos-useast2a-ve-2774/8cd96bebfe8545d491a1243766b88ba7,https://www.tiktok.com/@youdog_sabri/video/6996854128433515782,794500,8948,9600000,9505
80,7023442401339411717,7015616288739330822,Love Nwantiti (Dance Lessons),Lord Hec,https://sf16-ies-music-va.tiktokcdn.com/obj/musically-maliva-obj/7015616346343918342.mp3,https://www.tiktok.com/@maria_rm/video/7023442401339411717,781300,1756,3600000,857
81,6994516577588628741,6722656094272883458,She Share Story (for Vlog),Â±±Âè£Â§ï‰æù,https://sf16-ies-music-va.tiktokcdn.com/obj/tos-useast2a-ve-2774/25e54adf8848454ea3a40850545afd77,https://www.tiktok.com/@saesiii/video/6994516577588628741,755700,36400,10200000,9079
82,7019325747311447301,7013163722231991046,Est√° Da√±ada,Ivan Cornejo,https://sf16-ies-music-va.tiktokcdn.com/obj/tos-useast2a-ve-2774/5574dffd09954cebb1d09813d855b78d,https://www.tiktok.com/@lizbanit/video/7019325747311447301,748800,5817,8100000,11900
83,7021493816070917381,7015616288739330822,Love Nwantiti (Dance Lessons),Lord Hec,https://sf16-ies-music-va.tiktokcdn.com/obj/musically-maliva-obj/7015616346343918342.mp3,https://www.tiktok.com/@ibelky/video/7021493816070917381,669700,3721,4900000,2440
84,7021614406731599109,7015331931684342533,fake smoke,jack wright,https://sf16-ies-music-va.tiktokcdn.com/obj/musically-maliva-obj/7015332328356809478.mp3,https://www.tiktok.com/@kylethomas/video/7021614406731599109,663500,931,3600000,2424
85,6992317606698962181,6992317502592158469,ia.abril,MiniJoker,https://sf16-ies-music-va.tiktokcdn.com/obj/musically-maliva-obj/6992317541469195014.mp3,https://www.tiktok.com/@womenpowwer/video/6992317606698962181,656500,20800,7100000,5160
86,7020942310166826245,7015268654811990018,"Ptazeta: Bzrp Music Sessions, Vol. 45",Bizarrap & Ptazeta,https://sf16-ies-music-va.tiktokcdn.com/obj/tos-useast2a-ve-2774/930d19e4cf2f4b0c9b23ddcce48e54b1,https://www.tiktok.com/@juslombardi/video/7020942310166826245,621100,4067,4200000,3414
87,7022654021966073093,6950431762245781505,Los Tontos (Live at NPR's Tiny Desk),C. Tangana & Kiko Veneno,https://sf16-ies-music-va.tiktokcdn.com/obj/tos-useast2a-ve-2774/bf9b222d534543db975b6ce51279f163,https://www.tiktok.com/@usuariogggggg/video/7022654021966073093,602100,28700,6000000,6668
88,7021472407818996998,6705013310418323458,Je veux,Zaz,https://sf16-ies-music-va.tiktokcdn.com/obj/tos-useast2a-ve-2774/676c0655042f4262a634e3b9b6507410,https://www.tiktok.com/@rimm.1992/video/7021472407818996998,600600,15800,7400000,3790
89,7014191508588907782,7010203739436993286,CANCIONES EN SOLITARIO Y EN ESP CON M√ÅS DE 1000M,GUMAGU,https://sf16-ies-music-va.tiktokcdn.com/obj/musically-maliva-obj/7010203885319097093.mp3,https://www.tiktok.com/@labiurry1/video/7014191508588907782,548400,1850,3900000,17900
90,7020174688773049606,6995609262680754949,y did so many ppl use this,megan :),https://sf16-ies-music-va.tiktokcdn.com/obj/musically-maliva-obj/6995609332574685958.mp3,https://www.tiktok.com/@kylethomas/video/7020174688773049606,510500,3044,3400000,1879
91,6995222064860843269,5000000001254344928,Despacito,Luis Fonsi,https://sf16-ies-music-va.tiktokcdn.com/obj/tos-useast2a-ve-2774/d0d8ac4faa464ba2b0a9317f4d4c328f,https://www.tiktok.com/@math_officially/video/6995222064860843269,492000,22100,23900000,2302
92,7006007315300207878,6719933750727150342,Senza filtro (prod. Macs),Loomy,https://sf16-ies-music-va.tiktokcdn.com/obj/tos-useast2a-ve-2774/6d9def651a0840d0be08189eabf53299,https://www.tiktok.com/@kylethomas/video/7006007315300207878,473500,943,6700000,1983
93,7009291878617091334,6719933750727150342,Senza filtro (prod. Macs),Loomy,https://sf16-ies-music-va.tiktokcdn.com/obj/tos-useast2a-ve-2774/6d9def651a0840d0be08189eabf53299,https://www.tiktok.com/@kylethomas/video/7009291878617091334,471000,1015,5800000,2542
94,7014079013169745157,6876534400046172934,Classic,MKTO,https://sf16-ies-music-va.tiktokcdn.com/obj/tos-useast2a-ve-2774/a3e9427c768f4c258476bc488e5729c5,https://www.tiktok.com/@monismurf/video/7014079013169745157,459400,1092,2400000,3523
95,7012498467218050310,6974401509216520193,Sub Lite Woof,Crmx,https://sf16-ies-music-va.tiktokcdn.com/obj/tos-useast2a-ve-2774/ac6c4b4d87c845f299883e7b8e6ee78f,https://www.tiktok.com/@__.khaby.lame.__/video/7012498467218050310,439900,13800,4800000,4618
96,7023541521257467142,7015268654811990018,"Ptazeta: Bzrp Music Sessions, Vol. 45",Bizarrap & Ptazeta,https://sf16-ies-music-va.tiktokcdn.com/obj/tos-useast2a-ve-2774/930d19e4cf2f4b0c9b23ddcce48e54b1,https://www.tiktok.com/@lolainditok/video/7023541521257467142,391000,927,3200000,795
97,6999779503698431238,6997044305127573505,Mon Amour - Remix,zzoilo & Aitana,https://sf16-ies-music-va.tiktokcdn.com/obj/tos-useast2a-ve-2774/c6f99e6e77fa4bbaaed4dfc5174c41bb,https://www.tiktok.com/@anngeeles99/video/6999779503698431238,389100,21300,3600000,5531
98,6995255904811666693,6845442463826479878,noah beck is my husband,sabrina cabrera,https://sf16-ies-music-va.tiktokcdn.com/obj/musically-maliva-obj/6906010411598973701.mp3,https://www.tiktok.com/@sergiiocaamargo/video/6995255904811666693,382300,3738,5100000,2738
99,7024117245655715077,6739983002241075202,Gentleman,Dance Hits 2015,https://sf16-ies-music-va.tiktokcdn.com/obj/tos-useast2a-ve-2774/c6174d3d76394e9fa2bbd3518001294c,https://www.tiktok.com/@twistedpennywise/video/7024117245655715077,370400,32600,5300000,4570
100,7004438019101003013,6746993352891189249,Monkeys Spinning Monkeys,Kevin MacLeod,https://sf16-ies-music-va.tiktokcdn.com/obj/tos-useast2a-ve-2774/2777963d433b4f7e81d002eb04bbbe40,https://www.tiktok.com/@carlos.cortex/video/7004438019101003013,365000,3657,1800000,4178
101,7010850367835573509,6724967958709323777,Maniac (Flashdance Version) (Re-Recorded / Remastered),Michael Sembello,https://sf16-ies-music-va.tiktokcdn.com/obj/tos-useast2a-ve-2774/ad22edcd17f3405699c787833c01caff,https://www.tiktok.com/@nala.thebeagle/video/7010850367835573509,355500,16700,2800000,1249
102,7023792119588343045,7006611502992050971,Are you ok?,Èæô|‚Ä¢A—ï—Ç—èœÉ‰πô üá∞üá≠,https://sf16-ies-music.tiktokcdn.com/obj/ies-music-aiso/7006611455105600283.mp3,https://www.tiktok.com/@mks.vision/video/7023792119588343045,345700,781,3200000,1275
103,6991894664714407173,6991802075660765958,MksNarutoRemix,Mks,https://sf16-ies-music-va.tiktokcdn.com/obj/musically-maliva-obj/6991892909524077317.mp3,https://www.tiktok.com/@mks.vision/video/6991894664714407173,336400,4602,3400000,4672
104,7023891106781842694,7023890947645688581,Original Sound,Unknown,https://sf16-ies-music-va.tiktokcdn.com/obj/musically-maliva-obj/7023891042684766982.mp3,https://www.tiktok.com/@bocadillazo/video/7023891106781842694,320000,32900,2700000,3736
105,7019263336416054534,7019263110124931845,RIMAS,V√≠ctor Manuel Martin,https://sf16-ies-music-va.tiktokcdn.com/obj/musically-maliva-obj/7019263179622140677.mp3,https://www.tiktok.com/@_victorpuime/video/7019263336416054534,316500,42800,3300000,2435
106,7018300109737774342,6958466826485385218,Sal y Perrea - Remix,Lea Taex & Nahu Dj,https://sf16-ies-music-va.tiktokcdn.com/obj/tos-useast2a-ve-2774/2e9d0cff1f5a45209cb0af23f55dedb7,https://www.tiktok.com/@gemelas.sanchez/video/7018300109737774342,287800,12300,3900000,5135
107,7010796567074524422,6727977183718951685,Goteo,Duki,https://sf16-ies-music-va.tiktokcdn.com/obj/tos-useast2a-ve-2774/9e3db00ed8f249fa82e1005d741ccb7b,https://www.tiktok.com/@_vladimirpopov_/video/7010796567074524422,281700,17500,2300000,4665
108,7011491271533448454,6952949641264532225,original sound - DENII,DENII,https://sf16-ies-music-sg.tiktokcdn.com/obj/tiktok-obj/6952949523157109505.mp3,https://www.tiktok.com/@vega_salo/video/7011491271533448454,279400,3685,3900000,2968
109,7020832441065671941,6874535932750465026,The Bard's Last Note,Ricky Desktop & Kim Dracula,https://sf16-ies-music-va.tiktokcdn.com/obj/tos-useast2a-ve-2774/98b25b67ac3e47cc8864fc409a8bdee4,https://www.tiktok.com/@mks.vision/video/7020832441065671941,268900,2242,2000000,1636
110,7009673079580265734,6980285991768673051,love you like a love song,chillytunees,https://sf16-ies-music.tiktokcdn.com/obj/ies-music-aiso/6980285919685397274.mp3,https://www.tiktok.com/@kylethomas/video/7009673079580265734,263500,952,2400000,2798
111,7023315500516068613,7016051988454443009,B√∫scate Otro,Atomic Otro Way & JC La Nevula,https://sf16-ies-music-va.tiktokcdn.com/obj/tos-useast2a-ve-2774/4c9d586191bc44dca49fbb97aa8cacf9,https://www.tiktok.com/@zergioramiz/video/7023315500516068613,241800,11500,2500000,1957
112,7017722867823496454,6889357819959675649,#OutfitReveal,„Çâ„Çì„Åê„Çå„ÅÑ,https://sf16-ies-music-sg.tiktokcdn.com/obj/tiktok-obj/6957855932533574402.mp3,https://www.tiktok.com/@azcoitipablo01/video/7017722867823496454,217700,2980,2400000,1936
113,7021555931615907077,7016825081682724865,√çndigo,Camilo & Evaluna Montaner,https://sf16-ies-music-va.tiktokcdn.com/obj/tos-useast2a-ve-2774/2316061eb77e4cfdb124dfd8f1355675,https://www.tiktok.com/@amarmolmc/video/7021555931615907077,215400,598,1100000,1286
114,7019428457884962054,7019007108893002501,AL PALO KIKE GARC√çA,Lolo Sanabria,https://sf16-ies-music-va.tiktokcdn.com/obj/musically-maliva-obj/7019007167625759493.mp3,https://www.tiktok.com/@alvaritoelmanin/video/7019428457884962054,212300,9910,2600000,1843
115,7018219470837533958,248309440146489344,Yo Quiero Bailar,Ivy Queen,https://sf16-ies-music-va.tiktokcdn.com/obj/tos-useast2a-ve-2774/f8e8576571c6403c97ab8c9aa3981ae2,https://www.tiktok.com/@tuconejo_trihard/video/7018219470837533958,204700,11200,2200000,2314
116,7008235496635731206,6694656174358267906,In the night,Oques Grasses,https://sf16-ies-music-va.tiktokcdn.com/obj/tos-useast2a-ve-2774/cc0bf7ee0ac244c9ad98427690019d07,https://www.tiktok.com/@davidnandas/video/7008235496635731206,194800,14900,1800000,785
117,7022296496414395654,6935531675329759234,Quiero Bailar,Ivy Queen,https://sf16-ies-music-va.tiktokcdn.com/obj/tos-useast2a-ve-2774/7fa2f582e5bf4d58bef8a544c4063c09,https://www.tiktok.com/@meryyarroyoo/video/7022296496414395654,189200,7891,848800,3593
118,7005547039354359045,6805307191386557190,swing lynn,lovdfilmz,https://sf16-ies-music-va.tiktokcdn.com/obj/musically-maliva-obj/1661453201196037.mp3,https://www.tiktok.com/@mateo7fitness/video/7005547039354359045,186000,2332,4600000,3430
119,7021522107645332741,7015268654811990018,"Ptazeta: Bzrp Music Sessions, Vol. 45",Bizarrap & Ptazeta,https://sf16-ies-music-va.tiktokcdn.com/obj/tos-useast2a-ve-2774/930d19e4cf2f4b0c9b23ddcce48e54b1,https://www.tiktok.com/@sieteex/video/7021522107645332741,183800,1283,1200000,914
120,7008611840754273541,7008611705672567557,McAitana. Soy cel√≠aca. McDonalds. Aitana,ùôÖùòºùôÑùôàùôÄ,https://sf16-ies-music-va.tiktokcdn.com/obj/musically-maliva-obj/7008611802867108614.mp3,https://www.tiktok.com/@jaime.owo_/video/7008611840754273541,183400,14900,1500000,3215
121,7020823724332977413,7004029513550121754,‡πÄ‡∏™‡∏µ‡∏¢‡∏á‡∏ï‡πâ‡∏ô‡∏â‡∏ö‡∏±‡∏ö - ‚≠ê‡®¨‡©á ùëµùíÅ ùë∫ùíëùíêùíäùíçùíÜùíìùíî ‡®ì‚≠ê,‚≠ê‚ãê ùëµùíÅ ùë∫ùíëùíêùíäùíçùíÜùíìùíî ‚ãë‚≠ê,https://sf16-ies-music.tiktokcdn.com/obj/ies-music-aiso/7004029493480377115.mp3,https://www.tiktok.com/@mks.vision/video/7020823724332977413,176700,796,1900000,957
122,6995193354405367046,6935181565131491329,Normal,Morad,https://sf16-ies-music-va.tiktokcdn.com/obj/tos-useast2a-ve-2774/22907c4e4f114fad9d225fd5a354d9b3,https://www.tiktok.com/@leiito_tmax/video/6995193354405367046,175500,4244,4800000,2373
123,7020014331190332677,285853994298859520,This Is Halloween,The Party Cats,https://sf16-ies-music-va.tiktokcdn.com/obj/tos-useast2a-ve-2774/ce31642e34da43d38c2c88192c433f54,https://www.tiktok.com/@counthalloweens/video/7020014331190332677,170300,8249,4400000,2993
124,7006354851126856966,6997044305127573505,Mon Amour - Remix,zzoilo & Aitana,https://sf16-ies-music-va.tiktokcdn.com/obj/tos-useast2a-ve-2774/c6f99e6e77fa4bbaaed4dfc5174c41bb,https://www.tiktok.com/@marina_nadales/video/7006354851126856966,168100,1086,2500000,0
125,7010494162290183429,6839852689929571077,i am fckin crazy,tan,https://sf16-ies-music-va.tiktokcdn.com/obj/musically-maliva-obj/6839852634053036805.mp3,https://www.tiktok.com/@balmagonzalezz/video/7010494162290183429,162600,6313,770900,7933
126,7010813061174988038,6995158464179833605,world is spinning,üíå,https://sf16-ies-music-va.tiktokcdn.com/obj/musically-maliva-obj/6995158623781423877.mp3,https://www.tiktok.com/@mks.vision/video/7010813061174988038,160400,887,1800000,1102
127,7020875338200648965,7020875202015939334,pro,yo,https://sf16-ies-music-va.tiktokcdn.com/obj/musically-maliva-obj/7020875258429246213.mp3,https://www.tiktok.com/@..shellp/video/7020875338200648965,157600,4772,800400,2497
128,7004502299255049478,6909600795902085121,CuacuaVakaNaka,Fernanfloo,https://sf16-ies-music-va.tiktokcdn.com/obj/tos-useast2a-ve-2774/ba3c0210f9f84afbab93ef56675e08d6,https://www.tiktok.com/@eltetaslocas69/video/7004502299255049478,150900,3926,1100000,2393
129,7005455029578501381,6732318910667901702,Into Your Arms (feat. Ava Max),Witt Lowry,https://sf16-ies-music-va.tiktokcdn.com/obj/tos-useast2a-ve-2774/66a3f99d302345758fb7b5e37bb19ee6,https://www.tiktok.com/@misteryou32/video/7005455029578501381,144200,2092,3300000,1428
130,7023551733129317638,7015268654811990018,"Ptazeta: Bzrp Music Sessions, Vol. 45",Bizarrap & Ptazeta,https://sf16-ies-music-va.tiktokcdn.com/obj/tos-useast2a-ve-2774/930d19e4cf2f4b0c9b23ddcce48e54b1,https://www.tiktok.com/@bizarrap/video/7023551733129317638,140100,302,650000,604
131,7023826001901735174,6822418978208483329,Better Off Alone,Alice DJ,https://sf16-ies-music-va.tiktokcdn.com/obj/tos-useast2a-ve-2774/0221c624cac24a67a9600e9d459d5d16,https://www.tiktok.com/@myrealfood/video/7023826001901735174,133200,24100,2000000,527
132,7023359762125442310,7015616288739330822,Love Nwantiti (Dance Lessons),Lord Hec,https://sf16-ies-music-va.tiktokcdn.com/obj/musically-maliva-obj/7015616346343918342.mp3,https://www.tiktok.com/@andreiflu/video/7023359762125442310,132800,604,1400000,255
133,7020465067858676998,7013915190852864001,MAMMAMIA,M√•neskin,https://sf16-ies-music-va.tiktokcdn.com/obj/tos-useast2a-ve-2774/b616f84da42343eeb9135a840f358821,https://www.tiktok.com/@iigormorales/video/7020465067858676998,127900,73,725700,449
134,7023138439600016646,6742944636114963205,Anson Seabra x Keep Your Head Up,ansonseabra,https://sf16-ies-music-va.tiktokcdn.com/obj/musically-maliva-obj/1646227161195542.mp3,https://www.tiktok.com/@kylethomas/video/7023138439600016646,124500,244,1200000,1079
135,7017487636088524038,7012344423460080389,Cerra bien,Nico Valdi,https://sf16-ies-music-va.tiktokcdn.com/obj/musically-maliva-obj/7012345117214378758.mp3,https://www.tiktok.com/@saru3.14/video/7017487636088524038,123400,99,740100,213
136,7024118565271768325,7015268654811990018,"Ptazeta: Bzrp Music Sessions, Vol. 45",Bizarrap & Ptazeta,https://sf16-ies-music-va.tiktokcdn.com/obj/tos-useast2a-ve-2774/930d19e4cf2f4b0c9b23ddcce48e54b1,https://www.tiktok.com/@alvaronoya/video/7024118565271768325,120700,6851,518300,4526
137,7004128410947554566,6981869640796342274,STAY,The Kid LAROI & Justin Bieber,https://sf16-ies-music-va.tiktokcdn.com/obj/tos-useast2a-ve-2774/888b40ee58934cae8d8ed1a96db93c57,https://www.tiktok.com/@lasrecetasdemimadre/video/7004128410947554566,110200,4271,1300000,432
138,7024131178043149573,6711985994813410049,Airplanes ,B.o.B feat. Hayley Williams of Paramore,https://sf16-ies-music-va.tiktokcdn.com/obj/tos-useast2a-ve-2774/edbc433fd65141e28bdee4ed0957be2c,https://www.tiktok.com/@martinadant/video/7024131178043149573,105800,259,682700,383
139,7024177254741691653,6976278886782863361,Get Into It (Yuh),Doja Cat,https://sf16-ies-music-va.tiktokcdn.com/obj/tos-useast2a-ve-2774/be9f729aae4f4984956558ef56164cf4,https://www.tiktok.com/@paco_thebritish/video/7024177254741691653,104900,2798,753400,586
140,7023718551466888454,222537842642702336,Bailando por Ahi,Juan Mag√°n,https://sf16-ies-music-va.tiktokcdn.com/obj/tos-useast2a-ve-2774/3057946ecf44454e8ab9936f2a22e9d5,https://www.tiktok.com/@14._hamza/video/7023718551466888454,104600,175,644900,354
141,7022988638753426693,6817352705275611137,"Bach unaccompanied cello suite ""Prelude""",Jianteng,https://sf16-ies-music-va.tiktokcdn.com/obj/tos-useast2a-ve-2774/66c3517490fa45939d19ae21ebabb324,https://www.tiktok.com/@natjim/video/7022988638753426693,95800,4203,944500,729
142,7023748064133401862,7015268654811990018,"Ptazeta: Bzrp Music Sessions, Vol. 45",Bizarrap & Ptazeta,https://sf16-ies-music-va.tiktokcdn.com/obj/tos-useast2a-ve-2774/930d19e4cf2f4b0c9b23ddcce48e54b1,https://www.tiktok.com/@by.betth/video/7023748064133401862,89300,26,568500,76
143,7023066972204174598,6865054076908915462,phantom of the wapera,shannon huhn,https://sf16-ies-music-va.tiktokcdn.com/obj/musically-maliva-obj/6865054027005086470.mp3,https://www.tiktok.com/@aliciarev/video/7023066972204174598,86500,4863,738700,668
144,7024148497981132037,6813502087062752005,EGO,—á—ë –Ω–∞–¥–æ,https://sf16-ies-music-va.tiktokcdn.com/obj/musically-maliva-obj/1663456677930006.mp3,https://www.tiktok.com/@kevincarreraa/video/7024148497981132037,83200,205,661200,381
145,7023792146658495750,7010813609336933126,A MI ME ENCANTAA,Alvaro Alvarezüê∫,https://sf16-ies-music-va.tiktokcdn.com/obj/musically-maliva-obj/7010813694745512709.mp3,https://www.tiktok.com/@luciolsa/video/7023792146658495750,83100,208,1200000,255
146,7024191064835640581,6722656094272883458,She Share Story (for Vlog),Â±±Âè£Â§ï‰æù,https://sf16-ies-music-va.tiktokcdn.com/obj/tos-useast2a-ve-2774/25e54adf8848454ea3a40850545afd77,https://www.tiktok.com/@saesiii/video/7024191064835640581,82600,3237,1300000,1250
147,6993486447831502085,6957283863559293702,PSL,Sech,https://sf16-ies-music-va.tiktokcdn.com/obj/tos-useast2a-ve-2774/ccf251a8f1064d768246120f81b339a7,https://www.tiktok.com/@chupigrupo/video/6993486447831502085,75900,842,1600000,551
148,7024176415402773765,268024235946627072,doll box,Joseph Bishara,https://sf16-ies-music-va.tiktokcdn.com/obj/tos-useast2a-ve-2774/0cf4c1b034964d6daaf9c7d74288533c,https://www.tiktok.com/@nuria.adraos.makeup/video/7024176415402773765,72600,679,445700,386
149,7019977889177259270,6997196712834026246,CANCIONES EN ESPA√ëOL M√ÅS ESCUCHADAS DE CADA A√ëO,GUMAGU,https://sf16-ies-music-va.tiktokcdn.com/obj/musically-maliva-obj/6997196847567653637.mp3,https://www.tiktok.com/@estefaniafernndz/video/7019977889177259270,67900,108,525400,349
150,7018525327475379462,6817527023196556037,Con el Pompi Pa' 'Rriba,Mala Fe,https://sf16-ies-music-va.tiktokcdn.com/obj/tos-useast2a-ve-2774/ca1938b898b24a6e8cf15961015cb140,https://www.tiktok.com/@danidavi5/video/7018525327475379462,65600,1321,918800,529
151,7024111743064362245,6715987016451901441,Terror,Parry Music,https://sf16-ies-music-va.tiktokcdn.com/obj/tos-useast2a-ve-2774/eab1c49bbc9d47828e4c0cdd6693182b,https://www.tiktok.com/@esperansagrasia/video/7024111743064362245,63500,294,328700,268
152,7024178073973034245,6995838988280007430,Finally my boyfriend,ùñòùñçùñäùñäùñòùñç,https://sf16-ies-music-va.tiktokcdn.com/obj/musically-maliva-obj/6995839241586625286.mp3,https://www.tiktok.com/@sieteex/video/7024178073973034245,62700,132,222000,373
153,7024182787280358662,6982699806061873922,#FoodDance,Neffati Jayden,https://sf16-ies-music-sg.tiktokcdn.com/obj/tiktok-obj/6990944079257406210.mp3,https://www.tiktok.com/@guillem_viladoms/video/7024182787280358662,54200,132,325000,132
154,7013379225621122310,6705073028033677313,A toda mecha,S.J.K.,https://sf16-ies-music-va.tiktokcdn.com/obj/tos-useast2a-ve-2774/759c8fefcfe549dea3da6b76086aef58,https://www.tiktok.com/@los._.serrano.1/video/7013379225621122310,52100,323,341800,267
155,7005971346890951941,7000118867565857541,"Ran Bim Bam (with Rochy RD, Yomel El Meloso, Bryant Grety, Tief El Bellaco) - Remix",Quimico Ultra Mega & Rochy RD & Yomel El Meloso & Bryant Grety & Tief El Bellaco,https://sf16-ies-music-va.tiktokcdn.com/obj/tos-useast2a-ve-2774/94c466fc2fa44420903151d3ecf9704f,https://www.tiktok.com/@dmad_/video/7005971346890951941,43300,2119,910700,526
156,7023835839704698118,6935185498621184774,Le gustas a tu 4 al compartir WhatsApp o instagram,UNITY üï∑Ô∏è,https://sf16-ies-music-va.tiktokcdn.com/obj/musically-maliva-obj/6935185528350329605.mp3,https://www.tiktok.com/@andrisonmartinj/video/7023835839704698118,40300,21400,819200,540
157,7016703678518136069,7010813609336933126,A MI ME ENCANTAA,Alvaro Alvarezüê∫,https://sf16-ies-music-va.tiktokcdn.com/obj/musically-maliva-obj/7010813694745512709.mp3,https://www.tiktok.com/@lucaloz/video/7016703678518136069,40100,71,245800,105
158,7023714044750105861,6781515050600368129,Elevator Music,Bohoman,https://sf16-ies-music-va.tiktokcdn.com/obj/tos-useast2a-ve-2774/2003f56491924450818ef49d6a3701fa,https://www.tiktok.com/@nachter/video/7023714044750105861,39900,302,237600,365
159,7011936703254383878,6778180696998431493,Hola Juan Carlos,Mati Vega,https://sf16-ies-music-va.tiktokcdn.com/obj/musically-maliva-obj/1654829928735766.mp3,https://www.tiktok.com/@lhuertas/video/7011936703254383878,37400,1108,722300,135
160,7023741044009241862,6746993352891189249,Monkeys Spinning Monkeys,Kevin MacLeod,https://sf16-ies-music-va.tiktokcdn.com/obj/tos-useast2a-ve-2774/2777963d433b4f7e81d002eb04bbbe40,https://www.tiktok.com/@yunimatstudios/video/7023741044009241862,35800,22,174900,86
161,7020833960628473094,6988609998695811845,Sexo Virtual,Rauw Alejandro,https://sf16-ies-music-va.tiktokcdn.com/obj/tos-useast2a-ve-2774/7c1e0969439a4bd5bdd41bf3f618e461,https://www.tiktok.com/@ruu.13/video/7020833960628473094,35600,780,442600,573
162,7023806115708243206,6717917288969799682,"En ""Er"" Mundo / Espa√±a Ca√±i / Morante de la Puebla",Pepe el Trompeta,https://sf16-ies-music-va.tiktokcdn.com/obj/tos-useast2a-ve-2774/c9c0462daa724e52a15fea4015d944a1,https://www.tiktok.com/@marruyt/video/7023806115708243206,30800,140,142000,124
163,7022998354363682053,7004873855269341958,Baila sin haber escuchado el audio,Guussüî•,https://sf16-ies-music-va.tiktokcdn.com/obj/musically-maliva-obj/7004873927637863173.mp3,https://www.tiktok.com/@elmvrlon/video/7022998354363682053,30000,36,159900,135
164,7020027831203794181,7006934632767686658,Buscate Otro Remix,Dj Pirata & El Kaio & Tomy DJ,https://sf16-ies-music-va.tiktokcdn.com/obj/tos-useast2a-ve-2774/242983b97bfe403a97829f5998943400,https://www.tiktok.com/@__alejandrortega/video/7020027831203794181,25700,262,474100,519
165,7024203404939398405,6982699806061873922,#FoodDance,Neffati Jayden,https://sf16-ies-music-sg.tiktokcdn.com/obj/tiktok-obj/6990944079257406210.mp3,https://www.tiktok.com/@kylethomas/video/7024203404939398405,25500,81,157600,331
166,7023846598538956038,6997204453761780485,MEJORES CANCIONES A√ëO 2017,GUMAGU,https://sf16-ies-music-va.tiktokcdn.com/obj/musically-maliva-obj/6997204557784795909.mp3,https://www.tiktok.com/@estefaniafernndz/video/7023846598538956038,23100,59,149500,187
167,7023804107525754117,6812917756917188609,Toccata snd Fugue in D Minor,Halloween,https://sf16-ies-music-va.tiktokcdn.com/obj/tos-useast2a-ve-2774/e8a6421d2eee4059800bfec07753d104,https://www.tiktok.com/@ugar.chefit/video/7023804107525754117,18700,1052,328100,64
168,7019280055968877829,7006151718878578689,Berl√≠n,Aitana,https://sf16-ies-music-va.tiktokcdn.com/obj/tos-useast2a-ve-2774/3d09cee5db67494794b1976b1909bafd,https://www.tiktok.com/@b.ixnca/video/7019280055968877829,17400,63,111200,112
169,7006252500491799814,6999464356098575131,nh·∫°c n·ªÅn - TR√ç H·∫¢I NUTI94‚úÖ,TR√ç H·∫¢I NUTI94üáªüá≥,https://sf16-ies-music.tiktokcdn.com/obj/ies-music-aiso/6999464316478950171.mp3,https://www.tiktok.com/@kennytkos/video/7006252500491799814,17000,784,1400000,265
170,7024167294154673414,6982699806061873922,#FoodDance,Neffati Jayden,https://sf16-ies-music-sg.tiktokcdn.com/obj/tiktok-obj/6990944079257406210.mp3,https://www.tiktok.com/@cheffdanilo/video/7024167294154673414,16300,40,88200,64
171,7023808462987611397,6982699806061873922,#FoodDance,Neffati Jayden,https://sf16-ies-music-sg.tiktokcdn.com/obj/tiktok-obj/6990944079257406210.mp3,https://www.tiktok.com/@rubenmeraki/video/7023808462987611397,15100,22,163600,259
172,7024090630225759493,7015616288739330822,Love Nwantiti (Dance Lessons),Lord Hec,https://sf16-ies-music-va.tiktokcdn.com/obj/musically-maliva-obj/7015616346343918342.mp3,https://www.tiktok.com/@vilardell_ruut/video/7024090630225759493,14800,436,225700,110
173,7024114502073388293,6935531675329759234,Quiero Bailar,Ivy Queen,https://sf16-ies-music-va.tiktokcdn.com/obj/tos-useast2a-ve-2774/7fa2f582e5bf4d58bef8a544c4063c09,https://www.tiktok.com/@saracisnerosg/video/7024114502073388293,13600,501,136500,73
174,7002671440403205381,6948076402331617281,Canci√≥n Bonita,Carlos Vives & Ricky Martin,https://sf16-ies-music-va.tiktokcdn.com/obj/tos-useast2a-ve-2774/3707ea208a604eba82a35ee726e6c6bf,https://www.tiktok.com/@mimiponycornio/video/7002671440403205381,11800,34,218200,34
175,7020140643250932997,6921279703555540993,Los Tontos,C. Tangana & Kiko Veneno,https://sf16-ies-music-va.tiktokcdn.com/obj/tos-useast2a-ve-2774/c3d14851db0343ea94ecf0b46d0b42d1,https://www.tiktok.com/@cjas_es/video/7020140643250932997,11500,223,482700,115
176,7024134944263851270,7020617225627355909,cat dance,ÔΩ•Ôæü: *‚úßÔΩ•Ôæü:* Kayden *:ÔΩ•Ôæü‚úß*:ÔΩ•Ôæü,https://sf16-ies-music-va.tiktokcdn.com/obj/musically-maliva-obj/7020617326286408453.mp3,https://www.tiktok.com/@lidl.fan.acc/video/7024134944263851270,8812,223,66000,42
177,7024215261570010374,6735902937471518722,Rock Under the Moonlight,Aliasing,https://sf16-ies-music-va.tiktokcdn.com/obj/tos-useast2a-ve-2774/650f18e643fe4159839875f4a1ab1f2f,https://www.tiktok.com/@sofiacroqs/video/7024215261570010374,7128,1355,131200,88
178,7001536807410208005,6727977183718951685,Goteo,Duki,https://sf16-ies-music-va.tiktokcdn.com/obj/tos-useast2a-ve-2774/9e3db00ed8f249fa82e1005d741ccb7b,https://www.tiktok.com/@jeennifeerballesteros/video/7001536807410208005,7097,12,154200,24
179,7024195684937043205,6978953789646571522,23 (With Ape Drums),Randy & Ape Drums,https://sf16-ies-music-va.tiktokcdn.com/obj/tos-useast2a-ve-2774/f2cd55cb921a4607925eb4309a6b66d5,https://www.tiktok.com/@lasrecetasdemimadre/video/7024195684937043205,6596,92,65800,33
180,7024140694751137030,7001562700719426310,NEW TREND MishellBarreras,Mishell Barreras‚ú®,https://sf16-ies-music-va.tiktokcdn.com/obj/musically-maliva-obj/7001579795163826950.mp3,https://www.tiktok.com/@toniipereezz/video/7024140694751137030,5366,27,32300,33
181,7021234457201904901,7015403467908860677,Remix TikTok2021,RODŒõS!‚Ñ¢üåê,https://sf16-ies-music-va.tiktokcdn.com/obj/musically-maliva-obj/7015403596023892741.mp3,https://www.tiktok.com/@flacomano/video/7021234457201904901,3803,114,136200,13
182,7023317362111679749,6760935841733856001,original sound - Original TikTok song,Original TikTok song,https://sf16-ies-music-sg.tiktokcdn.com/obj/tiktok-obj/1650631904413730.mp3,https://www.tiktok.com/@andrea_gamar/video/7023317362111679749,1833,4,64500,6
